image_path,goose_id
images/02/PXL_20240930_193503049.jpg,02
images/02/PXL_20240930_193504970.jpg,02
images/02/PXL_20240930_193506403.jpg,02
images/02/PXL_20240930_193725498.jpg,02
images/02/PXL_20240930_195045885.jpg,02
images/02/PXL_20240930_195046840.jpg,02
images/02/PXL_20240930_195047817.jpg,02
images/02/PXL_20240930_195050294.jpg,02
images/02/PXL_20240930_195053034.jpg,02
images/02/PXL_20240930_195054238.jpg,02
images/02/PXL_20240930_195056309.jpg,02
images/02/PXL_20240930_195057389.jpg,02
images/02/PXL_20240930_195059435.jpg,02
images/02/PXL_20240930_195100936.jpg,02
images/02/PXL_20240930_195101902.jpg,02
images/02/PXL_20240930_195103373.jpg,02
images/02/PXL_20240930_195105392.jpg,02
images/02/PXL_20240930_195107129.jpg,02
images/02/PXL_20240930_195109638.jpg,02
images/02/PXL_20240930_195112349.jpg,02
images/02/PXL_20240930_195113491.jpg,02
images/02/PXL_20240930_195114687.jpg,02
images/03/PXL_20240930_193547031.jpg,03
images/03/PXL_20240930_193548406.jpg,03
images/03/PXL_20240930_193550818.jpg,03
images/03/PXL_20240930_193555374.jpg,03
images/03/PXL_20240930_193601895.jpg,03
images/03/PXL_20240930_193605545.jpg,03
images/03/PXL_20240930_193608225.jpg,03
images/03/PXL_20240930_193610036.jpg,03
images/03/PXL_20240930_193613046.jpg,03
images/03/PXL_20240930_193614554.jpg,03
images/03/PXL_20240930_193615961.jpg,03
images/03/PXL_20240930_193722188.jpg,03
images/03/PXL_20240930_193723263.jpg,03
images/03/PXL_20240930_193725498.jpg,03
images/03/PXL_20240930_193727797.jpg,03
images/03/PXL_20240930_193735399.jpg,03
images/03/PXL_20240930_193739549.jpg,03
images/03/PXL_20240930_193742183.jpg,03
images/03/PXL_20240930_193745593.jpg,03
images/03/PXL_20240930_193747115.jpg,03
images/03/PXL_20240930_193758680.jpg,03
images/03/PXL_20240930_193825111.jpg,03
images/03/PXL_20240930_193830166.jpg,03
images/03/PXL_20240930_194016552.jpg,03
images/03/PXL_20240930_194607873.jpg,03
images/03/PXL_20240930_194608890.jpg,03
images/03/PXL_20241125_204623319.MP.jpg,03
images/03/PXL_20241125_204631344.MP.jpg,03
images/03/PXL_20241125_204633529.MP.jpg,03
images/03/PXL_20241125_204635214.MP.jpg,03
images/03/PXL_20250303_202303886.jpg,03
images/03/PXL_20250303_202304656.jpg,03
images/03/Screenshot (2645).png,03
images/03/Screenshot (2646).png,03
images/03/Screenshot (2647).png,03
images/03/Screenshot (2648).png,03
images/04/PXL_20240930_193716208.jpg,04
images/04/PXL_20240930_193718168.jpg,04
images/04/PXL_20240930_193719245.jpg,04
images/04/PXL_20240930_193720613.jpg,04
images/04/PXL_20240930_193722188.jpg,04
images/04/PXL_20240930_193723263.jpg,04
images/04/PXL_20240930_194010602.jpg,04
images/04/PXL_20240930_194011810.jpg,04
images/04/PXL_20240930_194012638.jpg,04
images/04/PXL_20240930_194013374.jpg,04
images/04/PXL_20240930_194014840.jpg,04
images/04/PXL_20240930_194016552.jpg,04
images/04/PXL_20240930_194607873.jpg,04
images/04/PXL_20240930_194608890.jpg,04
images/04/PXL_20241125_204623319.MP.jpg,04
images/04/PXL_20241125_204631344.MP.jpg,04
images/04/PXL_20241125_204633529.MP.jpg,04
images/04/PXL_20241125_204635214.MP.jpg,04
images/04/PXL_20250303_202303886.jpg,04
images/04/PXL_20250303_202304656.jpg,04
images/05/PXL_20240525_193559860.jpg,05
images/05/PXL_20240525_193603358.jpg,05
images/05/PXL_20240525_193604820.jpg,05
images/05/PXL_20240525_193607050.jpg,05
images/05/PXL_20240624_223450652.jpg,05
images/05/PXL_20240624_223452167.jpg,05
images/05/PXL_20240920_162614382.jpg,05
images/05/PXL_20240920_162615165.jpg,05
images/05/PXL_20240920_162622389.jpg,05
images/05/PXL_20240920_162628648.jpg,05
images/05/PXL_20240920_162630695.jpg,05
images/05/PXL_20240920_162713940.jpg,05
images/05/PXL_20240920_162746761.jpg,05
images/05/PXL_20240920_162748358.jpg,05
images/05/PXL_20240920_162752985.jpg,05
images/05/PXL_20240920_162802655.jpg,05
images/05/PXL_20240920_162841105.jpg,05
images/05/PXL_20240920_162943064.jpg,05
images/05/PXL_20240920_162944028.jpg,05
images/05/PXL_20240920_162950237.jpg,05
images/05/PXL_20240920_162951534.jpg,05
images/05/PXL_20240920_162952681.jpg,05
images/05/PXL_20240920_162955227.jpg,05
images/05/PXL_20240920_162956892.jpg,05
images/05/PXL_20240920_162958738.jpg,05
images/05/PXL_20240920_163011819.jpg,05
images/05/PXL_20240920_163014181.jpg,05
images/05/PXL_20240920_163015813.jpg,05
images/05/PXL_20240920_163017709.jpg,05
images/05/PXL_20240920_163022670.jpg,05
images/05/PXL_20240920_163024017.jpg,05
images/05/PXL_20240920_163024782.jpg,05
images/05/PXL_20240920_163025382.jpg,05
images/05/PXL_20240920_163026314.jpg,05
images/05/PXL_20240920_163027794.jpg,05
images/05/PXL_20240920_163036881.jpg,05
images/05/PXL_20240920_163038677.jpg,05
images/05/PXL_20240920_163050027.jpg,05
images/05/PXL_20240920_163051607.jpg,05
images/05/PXL_20240920_163053853.jpg,05
images/05/PXL_20240920_163101724.jpg,05
images/05/PXL_20240923_004349625.NIGHT.jpg,05
images/05/PXL_20250303_202052193.jpg,05
images/05/PXL_20250303_202052900.jpg,05
images/05/PXL_20250303_202054074.jpg,05
images/05/PXL_20250303_202055241.jpg,05
images/05/PXL_20250303_202056012.jpg,05
images/05/PXL_20250303_202057213.jpg,05
images/05/PXL_20250303_202058118.jpg,05
images/05/PXL_20250303_202059151.jpg,05
images/05/PXL_20250303_202059997.jpg,05
images/05/PXL_20250303_202103481.jpg,05
images/05/Screenshot (2632).png,05
images/05/Screenshot (2633).png,05
images/05/Screenshot (2634).png,05
images/06/PXL_20240525_193559860.jpg,06
images/06/PXL_20240525_193603358.jpg,06
images/06/PXL_20240525_193604820.jpg,06
images/06/PXL_20240525_193607050.jpg,06
images/06/PXL_20240624_223450652.jpg,06
images/06/PXL_20240624_223452167.jpg,06
images/06/PXL_20240920_162641016.jpg,06
images/06/PXL_20240920_162644444.jpg,06
images/06/PXL_20240920_162646292.jpg,06
images/06/PXL_20240920_162647457.jpg,06
images/06/PXL_20240920_162650170.jpg,06
images/06/PXL_20240920_162703220.jpg,06
images/06/PXL_20240920_162802655.jpg,06
images/06/PXL_20240920_162816769.jpg,06
images/06/PXL_20240920_162820032.jpg,06
images/06/PXL_20240920_162823762.jpg,06
images/06/PXL_20240920_162832099.jpg,06
images/06/PXL_20240920_162834947.jpg,06
images/06/PXL_20240920_162845431.jpg,06
images/06/PXL_20240920_162847794.jpg,06
images/06/PXL_20240920_162900361.jpg,06
images/06/PXL_20240920_162908282.jpg,06
images/06/PXL_20240920_162909597.jpg,06
images/06/PXL_20240920_162911411.jpg,06
images/06/PXL_20240920_162922046.jpg,06
images/06/PXL_20240920_163220885.jpg,06
images/06/PXL_20240920_163237524.jpg,06
images/06/PXL_20240920_163238657.jpg,06
images/06/PXL_20240920_163241185.jpg,06
images/06/PXL_20240920_163243864.jpg,06
images/06/PXL_20240920_163248490.jpg,06
images/06/PXL_20240920_163249739.jpg,06
images/06/PXL_20240920_163254813.jpg,06
images/06/PXL_20240920_163311436.jpg,06
images/06/PXL_20250303_202052193.jpg,06
images/06/PXL_20250303_202052900.jpg,06
images/06/PXL_20250303_202054074.jpg,06
images/06/PXL_20250303_202055241.jpg,06
images/06/PXL_20250303_202056012.jpg,06
images/06/PXL_20250303_202057213.jpg,06
images/06/PXL_20250303_202058118.jpg,06
images/06/Screenshot (2635).png,06
images/06/Screenshot (2636).png,06
images/06/Screenshot (2637).png,06
images/06/Screenshot (2638).png,06
images/06/Screenshot (2639).png,06
images/09/PXL_20250305_193951009.jpg,09
images/09/PXL_20250305_193952445.jpg,09
images/09/PXL_20250305_193953319.jpg,09
images/09/PXL_20250305_193954351.jpg,09
images/09/PXL_20250305_193955283.jpg,09
images/09/PXL_20250305_193956203.jpg,09
images/09/PXL_20250305_193957104.jpg,09
images/09/PXL_20250305_193958609.jpg,09
images/09/PXL_20250305_193959441.jpg,09
images/09/PXL_20250305_194006034.jpg,09
images/09/PXL_20250305_194007812.jpg,09
images/09/PXL_20250305_194011092.jpg,09
images/09/PXL_20250305_194012029.jpg,09
images/09/PXL_20250305_194013232.jpg,09
images/09/PXL_20250305_194014983.jpg,09
images/09/PXL_20250305_194016352.jpg,09
images/09/PXL_20250305_194019696.jpg,09
images/09/PXL_20250305_194021636.jpg,09
images/09/PXL_20250305_194026022.jpg,09
images/09/PXL_20250305_194028833.jpg,09
images/09/PXL_20250305_194029976.jpg,09
images/09/PXL_20250305_194039180.jpg,09
images/09/PXL_20250305_194116971.jpg,09
images/09/PXL_20250305_194223045.jpg,09
images/09/PXL_20250305_194224653.jpg,09
images/09/PXL_20250305_194227531.jpg,09
images/09/PXL_20250305_194240833.jpg,09
images/09/PXL_20250305_194242033.jpg,09
images/10/PXL_20250305_194055611.jpg,10
images/10/PXL_20250305_194056620.jpg,10
images/10/PXL_20250305_194058695.jpg,10
images/10/PXL_20250305_194059505.jpg,10
images/10/PXL_20250305_194100434.jpg,10
images/10/PXL_20250305_194116971.jpg,10
images/10/PXL_20250305_194118409.jpg,10
images/10/PXL_20250305_194119348.jpg,10
images/10/PXL_20250305_194122355.jpg,10
images/10/PXL_20250305_194127881.jpg,10
images/10/PXL_20250305_194220977.jpg,10
images/10/PXL_20250305_194223045.jpg,10
images/10/PXL_20250305_194224653.jpg,10
images/10/PXL_20250305_194227531.jpg,10
images/10/PXL_20250305_194231150.jpg,10
images/10/PXL_20250305_194235904.jpg,10
images/10/PXL_20250305_194237002.jpg,10
images/10/PXL_20250305_194240833.jpg,10
images/10/PXL_20250305_194242033.jpg,10
images/11/PXL_20240919_142409131.jpg,11
images/11/PXL_20240919_142410761.jpg,11
images/11/PXL_20240919_142412276.jpg,11
images/11/PXL_20240919_142429746.jpg,11
images/11/PXL_20240919_142431307.jpg,11
images/11/PXL_20240919_142437312.jpg,11
images/11/PXL_20240919_142441986.jpg,11
images/11/PXL_20240919_142508884.jpg,11
images/11/PXL_20240919_142513724.jpg,11
images/11/PXL_20240919_142515154.jpg,11
images/11/PXL_20240919_142517882.jpg,11
images/11/PXL_20240919_142520926.jpg,11
images/11/PXL_20240919_142525333.jpg,11
images/11/PXL_20240919_142556974.jpg,11
images/11/PXL_20240919_142602563.jpg,11
images/11/PXL_20240919_142609133.jpg,11
images/12/PXL_20240919_142157055.jpg,12
images/12/PXL_20240919_142159495.jpg,12
images/12/PXL_20240919_142201380.jpg,12
images/12/PXL_20240919_142202611.jpg,12
images/12/PXL_20240919_142203892.jpg,12
images/12/PXL_20240919_142208101.jpg,12
images/12/PXL_20240919_142209750.jpg,12
images/12/PXL_20240919_142216020.jpg,12
images/12/PXL_20240919_142220180.jpg,12
images/12/PXL_20240919_142223906.jpg,12
images/12/PXL_20240919_142225453.jpg,12
images/12/PXL_20240919_142232141.jpg,12
images/12/PXL_20240919_142241541.jpg,12
images/12/PXL_20240919_142242210.jpg,12
images/12/PXL_20240919_142242789.jpg,12
images/12/PXL_20240919_142245667.jpg,12
images/12/PXL_20240919_142247098.jpg,12
images/12/PXL_20240919_142249743.jpg,12
images/12/PXL_20240919_142253753.jpg,12
images/12/PXL_20240919_142258814.jpg,12
images/12/PXL_20240919_142300208.jpg,12
images/12/PXL_20240919_142306264.jpg,12
images/12/PXL_20240919_142309425.jpg,12
images/12/PXL_20240919_142315215.jpg,12
images/12/PXL_20240919_142317260.jpg,12
images/12/PXL_20240919_142320106.jpg,12
images/12/PXL_20240919_142341851.jpg,12
images/12/PXL_20240919_142346161.jpg,12
images/12/PXL_20240919_142350184.jpg,12
images/12/PXL_20240928_142814768.jpg,12
images/12/PXL_20240928_142816607.jpg,12
images/12/PXL_20240928_142819430.jpg,12
images/12/PXL_20240928_142824110.jpg,12
images/12/PXL_20240928_142825275.jpg,12
images/13/PXL_20241125_204623319.MP.jpg,13
images/13/PXL_20241125_204631344.MP.jpg,13
images/13/PXL_20241125_204633529.MP.jpg,13
images/13/PXL_20241125_204635214.MP.jpg,13
images/13/PXL_20241125_204645438.MP.jpg,13
images/13/PXL_20241125_204648540.MP.jpg,13
images/13/PXL_20241125_204659098.MP.jpg,13
images/13/PXL_20241125_204659948.MP.jpg,13
images/13/PXL_20250212_210735802.jpg,13
images/13/PXL_20250212_210738343.jpg,13
images/13/PXL_20250212_210740009.jpg,13
images/13/PXL_20250212_210744811.jpg,13
images/14/PXL_20240930_193509962.jpg,14
images/14/PXL_20240930_193512998.jpg,14
images/14/PXL_20240930_193517015.jpg,14
images/14/PXL_20240930_193521683.jpg,14
images/14/PXL_20240930_193524818.jpg,14
images/14/PXL_20240930_193525731.jpg,14
images/14/PXL_20240930_193528713.jpg,14
images/14/PXL_20240930_193530319.jpg,14
images/14/PXL_20240930_193531625.jpg,14
images/14/PXL_20240930_193532893.jpg,14
images/14/PXL_20240930_193534101.jpg,14
images/14/PXL_20240930_193535432.jpg,14
images/14/PXL_20240930_193536505.jpg,14
images/14/PXL_20240930_193538028.jpg,14
images/14/PXL_20240930_193539401.jpg,14
images/14/PXL_20240930_193540924.jpg,14
images/14/PXL_20241002_194957653.MP.jpg,14
images/14/PXL_20241028_192208694.jpg,14
images/14/PXL_20241028_192212105.jpg,14
images/14/PXL_20241028_192214614.jpg,14
images/15/PXL_20240919_142232141.jpg,15
images/15/PXL_20240919_142241541.jpg,15
images/15/PXL_20240919_142242210.jpg,15
images/15/PXL_20240919_142242789.jpg,15
images/15/PXL_20240919_142245667.jpg,15
images/15/PXL_20240919_142820798.jpg,15
images/15/PXL_20240919_142822873.jpg,15
images/15/PXL_20240919_142824390.jpg,15
images/15/PXL_20240919_142825637.jpg,15
images/15/PXL_20240919_142827434.jpg,15
images/15/PXL_20240919_142828948.jpg,15
images/15/PXL_20240919_142829995.jpg,15
images/15/PXL_20240919_142833705.jpg,15
images/15/PXL_20240919_142844648.jpg,15
images/15/PXL_20240919_142922446.jpg,15
images/15/PXL_20240919_142924210.jpg,15
images/15/PXL_20240919_142955723.jpg,15
images/15/PXL_20240919_142959265.jpg,15
images/15/PXL_20240919_143008695.jpg,15
images/15/PXL_20240919_143024145.jpg,15
images/15/PXL_20240919_143032810.jpg,15
images/15/PXL_20240919_143035023.jpg,15
images/15/PXL_20240928_142814768.jpg,15
images/15/PXL_20240928_142816607.jpg,15
images/15/PXL_20240928_142819430.jpg,15
images/15/PXL_20240928_142824110.jpg,15
images/15/PXL_20240928_142825275.jpg,15
images/16/PXL_20230920_190647542.jpg,16
images/16/PXL_20230920_190649880.jpg,16
images/16/PXL_20240930_194010602.jpg,16
images/16/PXL_20240930_194011810.jpg,16
images/16/PXL_20240930_194012638.jpg,16
images/16/PXL_20240930_194013374.jpg,16
images/16/PXL_20240930_194014840.jpg,16
images/16/PXL_20240930_194017920.jpg,16
images/16/PXL_20240930_194018796.jpg,16
images/16/PXL_20240930_194019812.jpg,16
images/16/PXL_20240930_194021266.jpg,16
images/16/PXL_20240930_194022236.jpg,16
images/16/PXL_20240930_194024102.jpg,16
images/16/PXL_20240930_194025005.jpg,16
images/16/PXL_20240930_194027922.jpg,16
images/16/PXL_20240930_194032267.jpg,16
images/16/PXL_20240930_194035216.jpg,16
images/16/PXL_20240930_194038816.jpg,16
images/16/PXL_20240930_194040380.jpg,16
images/16/PXL_20240930_194549795.jpg,16
images/17/PXL_20230920_191958845.jpg,17
images/17/PXL_20240930_193457199.jpg,17
images/17/PXL_20240930_195216393.jpg,17
images/17/PXL_20240930_195217578.jpg,17
images/17/PXL_20240930_195218714.jpg,17
images/17/PXL_20240930_195219984.jpg,17
images/17/PXL_20240930_195221022.jpg,17
images/17/PXL_20240930_195222029.jpg,17
images/17/PXL_20240930_195225105.jpg,17
images/17/PXL_20240930_195226009.jpg,17
images/17/PXL_20240930_195227890.jpg,17
images/17/PXL_20240930_195229053.jpg,17
images/17/PXL_20240930_195230158.jpg,17
images/17/PXL_20240930_195233920.jpg,17
images/17/PXL_20240930_195235214.jpg,17
images/17/PXL_20240930_195240620.jpg,17
images/17/PXL_20240930_195241623.jpg,17
images/17/PXL_20250305_193722346.jpg,17
images/17/PXL_20250305_193723084.jpg,17
images/17/PXL_20250305_193724791.jpg,17
images/17/PXL_20250305_193726936.jpg,17
images/17/PXL_20250305_193727971.jpg,17
images/18/PXL_20250202_153020595.MP.jpg,18
images/18/PXL_20250303_201929067.jpg,18
images/18/PXL_20250303_201930040.jpg,18
images/18/PXL_20250303_201931714.jpg,18
images/18/PXL_20250303_201934324.jpg,18
images/18/PXL_20250303_201935597.jpg,18
images/18/PXL_20250303_201936942.jpg,18
images/18/PXL_20250303_201938010.jpg,18
images/18/PXL_20250303_201938850.jpg,18
images/18/PXL_20250303_201939817.jpg,18
images/18/PXL_20250303_201940514.jpg,18
images/18/PXL_20250303_201941522.jpg,18
images/18/PXL_20250303_201942466.jpg,18
images/18/PXL_20250303_201944697.jpg,18
images/19/PXL_20250202_153020595.MP.jpg,19
images/19/PXL_20250304_133054081.jpg,19
images/19/PXL_20250304_140620612.jpg,19
images/19/PXL_20250304_140624096.jpg,19
images/19/PXL_20250304_140629881.jpg,19
images/19/PXL_20250304_140633766.jpg,19
images/19/PXL_20250304_140635100.jpg,19
images/19/PXL_20250304_140636850.jpg,19
images/19/PXL_20250304_140637934.jpg,19
images/19/PXL_20250304_140639002.jpg,19
images/19/PXL_20250304_140641133.jpg,19
images/19/PXL_20250304_140643017.jpg,19
images/19/PXL_20250304_140645334.jpg,19
images/19/PXL_20250304_140703975.jpg,19
images/19/PXL_20250304_165108889.jpg,19
images/19/PXL_20250304_165112342.jpg,19
images/19/PXL_20250304_165113976.jpg,19
images/19/PXL_20250304_165115011.jpg,19
images/19/PXL_20250304_165115661.jpg,19
images/19/PXL_20250304_165120682.jpg,19
images/19/PXL_20250304_165122316.jpg,19
images/19/PXL_20250304_165137130.jpg,19
images/19/PXL_20250304_165139999.jpg,19
images/19/PXL_20250304_165141749.jpg,19
images/19/PXL_20250304_165203100.jpg,19
images/19/Screenshot (2609).png,19
images/19/Screenshot (2610).png,19
images/19/Screenshot (2611).png,19
images/19/Screenshot (2612).png,19
images/19/Screenshot (2613).png,19
images/19/Screenshot (2614).png,19
images/19/Screenshot (2615).png,19
images/19/Screenshot (2616).png,19
images/19/Screenshot (2617).png,19
images/20/PXL_20240923_004948523.NIGHT.jpg,20
images/20/PXL_20240923_005236387.NIGHT.jpg,20
images/20/PXL_20240923_005243292.NIGHT.jpg,20
images/20/PXL_20240923_005445765.NIGHT.jpg,20
images/20/PXL_20240930_194046360.jpg,20
images/20/PXL_20240930_194047211.jpg,20
images/20/PXL_20240930_194049121.jpg,20
images/20/PXL_20240930_194050545.jpg,20
images/20/PXL_20240930_194053550.jpg,20
images/20/PXL_20240930_194056016.jpg,20
images/20/PXL_20240930_194058587.jpg,20
images/20/PXL_20240930_194101834.jpg,20
images/20/PXL_20240930_194104067.jpg,20
images/20/PXL_20240930_194106666.jpg,20
images/20/PXL_20240930_194107563.jpg,20
images/20/PXL_20240930_194111932.jpg,20
images/20/PXL_20240930_194113069.jpg,20
images/20/PXL_20240930_194114067.jpg,20
images/20/PXL_20240930_194117636.jpg,20
images/20/PXL_20240930_194118639.jpg,20
images/20/PXL_20240930_194119533.jpg,20
images/20/PXL_20240930_194120935.jpg,20
images/20/PXL_20240930_194129775.jpg,20
images/20/PXL_20240930_194131171.jpg,20
images/20/PXL_20240930_194549795.jpg,20
images/20/PXL_20240930_194550658.jpg,20
images/20/PXL_20240930_194551637.jpg,20
images/20/PXL_20240930_194552560.jpg,20
images/21/PXL_20240923_005428775.NIGHT.jpg,21
images/21/PXL_20240923_005458180.NIGHT.jpg,21
images/21/PXL_20240923_005525177.NIGHT.jpg,21
images/21/PXL_20240923_005530301.NIGHT.jpg,21
images/21/PXL_20240923_005548040.NIGHT.jpg,21
images/21/PXL_20240923_005635550.NIGHT.jpg,21
images/21/PXL_20240923_005650915.NIGHT.jpg,21
images/21/PXL_20240930_194046360.jpg,21
images/21/PXL_20240930_194047211.jpg,21
images/21/PXL_20240930_194053550.jpg,21
images/21/PXL_20240930_194058587.jpg,21
images/21/PXL_20240930_194101834.jpg,21
images/21/PXL_20240930_194104067.jpg,21
images/21/PXL_20240930_194106666.jpg,21
images/21/PXL_20240930_194107563.jpg,21
images/21/PXL_20240930_194114067.jpg,21
images/21/PXL_20240930_194117636.jpg,21
images/21/PXL_20240930_194118639.jpg,21
images/21/PXL_20240930_194119533.jpg,21
images/21/PXL_20240930_194120935.jpg,21
images/21/PXL_20240930_194124236.jpg,21
images/21/PXL_20240930_194124970.jpg,21
images/21/PXL_20240930_194126038.jpg,21
images/21/PXL_20240930_194126908.jpg,21
images/21/PXL_20240930_194128079.jpg,21
images/21/PXL_20240930_194129775.jpg,21
images/21/PXL_20240930_194131171.jpg,21
images/21/PXL_20240930_194132503.jpg,21
images/21/PXL_20240930_194133854.jpg,21
images/21/PXL_20240930_194136603.jpg,21
images/21/PXL_20240930_194141640.jpg,21
images/21/PXL_20240930_194142771.jpg,21
images/21/PXL_20240930_194143971.jpg,21
images/21/PXL_20240930_194146278.jpg,21
images/21/PXL_20240930_194147876.jpg,21
images/21/PXL_20240930_194149810.jpg,21
images/21/PXL_20240930_194151313.jpg,21
images/21/PXL_20240930_194152074.jpg,21
images/21/PXL_20240923_004326275.NIGHT.jpg,21
images/21/PXL_20240923_004334007.NIGHT.jpg,21
images/21/PXL_20240930_194056016.jpg,21
images/22/PXL_20240930_193627338.jpg,22
images/22/PXL_20240930_193628476.jpg,22
images/22/PXL_20240930_193629674.jpg,22
images/22/PXL_20240930_193631085.jpg,22
images/22/PXL_20240930_193632016.jpg,22
images/22/PXL_20240930_193633152.jpg,22
images/22/PXL_20240930_193636315.jpg,22
images/22/PXL_20240930_193643164.jpg,22
images/22/PXL_20240930_193644198.jpg,22
images/22/PXL_20240930_193645902.jpg,22
images/22/PXL_20240930_193649689.jpg,22
images/22/PXL_20240930_193653835.jpg,22
images/22/PXL_20240930_193655734.jpg,22
images/22/PXL_20240930_193657172.jpg,22
images/22/PXL_20240930_193702437.jpg,22
images/22/PXL_20240930_193706279.jpg,22
images/22/PXL_20240930_193708289.jpg,22
images/22/PXL_20240930_193710568.jpg,22
images/22/PXL_20240930_193712105.jpg,22
images/22/PXL_20240930_194010602.jpg,22
images/22/PXL_20240930_194011810.jpg,22
images/22/PXL_20240930_194012638.jpg,22
images/22/PXL_20240930_194013374.jpg,22
images/22/PXL_20240930_194014840.jpg,22
images/22/PXL_20240930_194334342.jpg,22
images/22/PXL_20250202_161024419.MP.jpg,22
images/23/PXL_20240919_141239853.jpg,23
images/23/PXL_20240919_141242857.jpg,23
images/23/PXL_20240919_141243679.jpg,23
images/23/PXL_20240919_141244268.jpg,23
images/23/PXL_20240919_141244809.jpg,23
images/23/PXL_20240919_141245791.jpg,23
images/23/PXL_20240919_141246657.jpg,23
images/23/PXL_20240919_141247689.jpg,23
images/23/PXL_20240919_141248784.jpg,23
images/23/PXL_20240919_141250149.jpg,23
images/23/PXL_20240919_141253259.jpg,23
images/23/PXL_20240919_141254723.jpg,23
images/23/PXL_20240919_141257534.jpg,23
images/23/PXL_20240919_141259497.jpg,23
images/23/PXL_20240919_141300561.jpg,23
images/23/PXL_20240919_141301476.jpg,23
images/23/PXL_20240919_141302458.jpg,23
images/23/PXL_20240919_141303937.jpg,23
images/23/PXL_20240919_141306782.jpg,23
images/23/PXL_20240919_141309827.jpg,23
images/25/PXL_20240928_132625773.jpg,25
images/25/PXL_20240928_132627702.jpg,25
images/25/PXL_20240928_132629032.jpg,25
images/25/PXL_20240928_132632508.jpg,25
images/25/PXL_20240928_132633872.jpg,25
images/25/PXL_20240928_132635734.jpg,25
images/25/PXL_20240928_132639038.jpg,25
images/25/PXL_20240928_132641471.jpg,25
images/25/PXL_20240928_132644301.jpg,25
images/25/PXL_20240928_132645964.jpg,25
images/25/PXL_20240928_132647665.jpg,25
images/25/PXL_20240928_132650092.jpg,25
images/25/PXL_20240928_132658068.jpg,25
images/25/PXL_20240928_132700362.jpg,25
images/25/PXL_20240928_132702640.jpg,25
images/25/PXL_20240928_132704418.jpg,25
images/25/PXL_20240928_132706987.jpg,25
images/25/PXL_20240928_132711229.jpg,25
images/25/PXL_20240928_132713218.jpg,25
images/25/PXL_20240928_132714596.jpg,25
images/25/PXL_20240928_132716354.jpg,25
images/25/PXL_20240928_132718920.jpg,25
images/25/PXL_20240928_132738851.jpg,25
images/25/PXL_20240928_132740984.jpg,25
images/25/PXL_20240928_132743462.jpg,25
images/26/PXL_20240928_132724833.jpg,26
images/26/PXL_20240928_132728447.jpg,26
images/26/PXL_20240928_132734843.jpg,26
images/26/PXL_20240928_132738851.jpg,26
images/26/PXL_20240928_132740984.jpg,26
images/26/PXL_20240928_132745859.jpg,26
images/26/PXL_20240928_132749624.jpg,26
images/26/PXL_20240928_141020362.jpg,26
images/26/PXL_20240928_141021466.jpg,26
images/26/PXL_20240928_141022477.jpg,26
images/26/PXL_20240928_141024373.jpg,26
images/26/PXL_20240928_141031168.jpg,26
images/26/PXL_20240928_141032037.jpg,26
images/26/PXL_20240928_141038305.jpg,26
images/26/PXL_20240928_141040045.jpg,26
images/26/PXL_20240928_141048324.jpg,26
images/26/PXL_20240928_141051036.jpg,26
images/26/PXL_20240928_141056128.jpg,26
images/26/PXL_20240928_141058873.jpg,26
images/26/PXL_20240928_141100245.jpg,26
images/26/PXL_20240928_141106872.jpg,26
images/26/PXL_20240928_141107880.jpg,26
images/26/PXL_20240928_141110121.jpg,26
images/27/PXL_20240220_211225312.jpg,27
images/27/PXL_20240220_211226620.jpg,27
images/27/PXL_20240220_211227255.jpg,27
images/27/PXL_20240220_211236479.jpg,27
images/27/PXL_20240220_211237889.jpg,27
images/27/PXL_20241002_192905973.jpg,27
images/27/PXL_20241002_192910891.jpg,27
images/27/PXL_20241002_192912365.jpg,27
images/27/PXL_20241002_193022894.jpg,27
images/27/PXL_20241002_193025213.jpg,27
images/27/PXL_20241002_193027481.jpg,27
images/27/PXL_20241002_193030663.jpg,27
images/27/PXL_20241002_193032503.jpg,27
images/27/PXL_20241002_193034856.jpg,27
images/27/PXL_20241002_193038394.jpg,27
images/27/PXL_20241002_193041441.jpg,27
images/27/PXL_20241002_193046628.jpg,27
images/27/PXL_20241002_193058647.jpg,27
images/27/PXL_20241002_193107380.jpg,27
images/27/PXL_20241002_193110502.jpg,27
images/27/PXL_20241002_193111406.jpg,27
images/27/PXL_20241002_193150239.jpg,27
images/27/PXL_20241002_193210163.jpg,27
images/27/PXL_20241002_193221021.jpg,27
images/27/PXL_20241002_193230803.jpg,27
images/27/PXL_20241002_193241587.jpg,27
images/27/PXL_20241002_193313513.jpg,27
images/27/PXL_20241002_193322660.jpg,27
images/27/PXL_20241002_193334683.jpg,27
images/27/PXL_20241002_194145034.MP.jpg,27
images/29/PXL_20240930_194714835.jpg,29
images/29/PXL_20240930_194715951.jpg,29
images/29/PXL_20240930_194718551.jpg,29
images/29/PXL_20240930_194719382.jpg,29
images/29/PXL_20240930_194720154.jpg,29
images/29/PXL_20240930_194721626.jpg,29
images/29/PXL_20240930_194723165.jpg,29
images/29/PXL_20240930_194726311.jpg,29
images/29/PXL_20240930_194727384.jpg,29
images/29/PXL_20240930_194729661.jpg,29
images/29/PXL_20240930_194733814.jpg,29
images/29/PXL_20240930_194734511.jpg,29
images/29/PXL_20240930_194735681.jpg,29
images/29/PXL_20240930_194739072.jpg,29
images/29/PXL_20240930_194740313.jpg,29
images/29/PXL_20240930_194743563.jpg,29
images/29/PXL_20240930_194823901.jpg,29
images/29/PXL_20240930_194829722.jpg,29
images/29/PXL_20240930_194832139.jpg,29
images/29/PXL_20240930_194835017.jpg,29
images/29/PXL_20240930_194840365.jpg,29
images/29/PXL_20240930_194846255.jpg,29
images/29/PXL_20240930_194847493.jpg,29
images/29/PXL_20250305_105638494.MP.jpg,29
images/29/PXL_20250305_105639579.MP.jpg,29
images/29/PXL_20250305_105641304.MP.jpg,29
images/29/PXL_20250305_105642686.MP.jpg,29
images/29/PXL_20250305_105645044.MP.jpg,29
images/29/PXL_20250305_105646533.MP.jpg,29
images/29/PXL_20250305_105648580.MP.jpg,29
images/29/PXL_20250305_105650398.MP.jpg,29
images/29/PXL_20250305_105652475.MP.jpg,29
images/29/PXL_20250305_105658974.MP.jpg,29
images/30/PXL_20240930_194823901.jpg,30
images/30/PXL_20250305_105638494.MP.jpg,30
images/30/PXL_20250305_105639579.MP.jpg,30
images/30/PXL_20250305_105641304.MP.jpg,30
images/30/PXL_20250305_105642686.MP.jpg,30
images/30/PXL_20250305_105645044.MP.jpg,30
images/30/PXL_20250305_105648580.MP.jpg,30
images/30/PXL_20250305_105656108.MP.jpg,30
images/30/PXL_20250305_105658029.MP.jpg,30
images/30/PXL_20250305_105658974.MP.jpg,30
images/30/PXL_20250305_105701845.MP.jpg,30
images/30/PXL_20250305_105703397.MP.jpg,30
images/30/PXL_20250305_105704933.MP.jpg,30
images/30/PXL_20250305_105706633.MP.jpg,30
images/30/PXL_20250305_105711437.MP.jpg,30
images/30/PXL_20250305_105712797.MP.jpg,30
images/31/PXL_20250303_202210744.jpg,31
images/31/PXL_20250303_202211471.jpg,31
images/31/PXL_20250303_202212543.jpg,31
images/31/PXL_20250303_202213413.jpg,31
images/31/PXL_20250303_202214421.jpg,31
images/31/PXL_20250303_202215324.jpg,31
images/31/PXL_20250303_202217170.jpg,31
images/31/PXL_20250303_202217834.jpg,31
images/31/PXL_20250303_202218904.jpg,31
images/31/PXL_20250303_202219572.jpg,31
images/31/PXL_20250303_202220373.jpg,31
images/31/PXL_20250303_202221111.jpg,31
images/31/PXL_20250303_202221811.jpg,31
images/31/PXL_20250303_202223756.jpg,31
images/31/PXL_20250303_202224935.jpg,31
images/31/PXL_20250303_202226874.jpg,31
images/32/PXL_20220511_213422953.PORTRAIT.jpg,32
images/32/PXL_20220511_213432897.PORTRAIT.jpg,32
images/32/PXL_20220511_213433512.PORTRAIT.jpg,32
images/32/PXL_20220511_213435653.PORTRAIT.jpg,32
images/32/PXL_20220511_213437261.PORTRAIT.jpg,32
images/32/PXL_20220511_213442478.PORTRAIT.jpg,32
images/32/PXL_20220511_213445018.PORTRAIT.jpg,32
images/32/PXL_20220511_213446435.PORTRAIT.jpg,32
images/32/PXL_20220511_213545038.PORTRAIT.jpg,32
images/34/Screenshot (2609).png,34
images/34/Screenshot (2610).png,34
images/34/Screenshot (2611).png,34
images/34/Screenshot (2612).png,34
images/34/Screenshot (2613).png,34
images/34/Screenshot (2614).png,34
images/34/Screenshot (2615).png,34
images/34/Screenshot (2616).png,34
images/34/Screenshot (2617).png,34
images/35/PXL_20240919_142639342.jpg,35
images/35/PXL_20240919_142641818.jpg,35
images/35/PXL_20240919_142643365.jpg,35
images/35/PXL_20240919_142650201.jpg,35
images/35/PXL_20240919_142654375.jpg,35
images/35/PXL_20240919_142700446.jpg,35
images/35/PXL_20240919_142705337.jpg,35
images/35/PXL_20240919_142706251.jpg,35
images/35/PXL_20240919_142712905.jpg,35
images/35/PXL_20240919_142716480.jpg,35
images/35/PXL_20240919_142723948.jpg,35
images/35/PXL_20240919_142726195.jpg,35
images/35/PXL_20240919_142727407.jpg,35
images/35/PXL_20240919_142729388.jpg,35
images/35/PXL_20240919_142731501.jpg,35
images/35/PXL_20240919_142745455.jpg,35
images/35/PXL_20250304_165120682.jpg,35
images/35/PXL_20250304_165122316.jpg,35
images/35/PXL_20250304_165124787.jpg,35
images/35/PXL_20250304_165129622.jpg,35
images/35/PXL_20250304_165139999.jpg,35
images/35/PXL_20250304_165141749.jpg,35
images/35/PXL_20250304_165144622.jpg,35
images/35/PXL_20250304_165159598.jpg,35
images/35/PXL_20250304_165201565.jpg,35
images/36/PXL_20250305_194147499.jpg,36
images/36/PXL_20250305_194149136.jpg,36
images/36/PXL_20250305_194154931.jpg,36
images/36/PXL_20250305_194156234.jpg,36
images/36/PXL_20250305_194158045.jpg,36
images/36/PXL_20250305_194200556.jpg,36
images/36/PXL_20250305_194203134.jpg,36
images/36/PXL_20250305_194207590.jpg,36
images/36/PXL_20250305_194208627.jpg,36
images/36/PXL_20250305_194210428.jpg,36
images/37/PXL_20240930_193530319.jpg,37
images/37/PXL_20240930_193531625.jpg,37
images/37/PXL_20240930_193534101.jpg,37
images/37/PXL_20240930_193535432.jpg,37
images/37/PXL_20240930_193536505.jpg,37
images/37/PXL_20240930_193538028.jpg,37
images/37/PXL_20240930_193540924.jpg,37
images/37/PXL_20240930_193824153.jpg,37
images/37/PXL_20240930_193825111.jpg,37
images/37/PXL_20240930_193830166.jpg,37
images/37/PXL_20240930_193831131.jpg,37
images/37/PXL_20240930_193832075.jpg,37
images/37/PXL_20240930_193833368.jpg,37
images/37/PXL_20240930_193834165.jpg,37
images/37/PXL_20240930_193835073.jpg,37
images/37/PXL_20240930_193836033.jpg,37
images/37/PXL_20240930_193854650.jpg,37
images/37/PXL_20240930_193904404.jpg,37
images/37/PXL_20240930_193906514.jpg,37
images/37/PXL_20240930_194600094.jpg,37
images/37/PXL_20240930_194601406.jpg,37
images/37/PXL_20240930_194602976.jpg,37
images/37/PXL_20240930_194607873.jpg,37
images/37/PXL_20240930_194608890.jpg,37
images/37/PXL_20250202_161024419.MP.jpg,37
images/39/PXL_20241125_204623319.MP.jpg,39
images/39/PXL_20241125_204631344.MP.jpg,39
images/39/PXL_20241125_204633529.MP.jpg,39
images/39/PXL_20241125_204635214.MP.jpg,39
images/39/PXL_20241125_204645438.MP.jpg,39
images/39/PXL_20241125_204648540.MP.jpg,39
images/39/PXL_20241125_204659098.MP.jpg,39
images/39/PXL_20241125_204659948.MP.jpg,39
images/39/PXL_20250212_210735802.jpg,39
images/39/PXL_20250212_210738343.jpg,39
images/39/PXL_20250212_210740009.jpg,39
images/39/PXL_20250212_210744811.jpg,39
images/39/PXL_20250303_202233300.jpg,39
images/39/PXL_20250303_202234712.jpg,39
images/39/PXL_20250303_202235813.jpg,39
images/39/PXL_20250303_202237952.jpg,39
images/39/PXL_20250305_193729547.jpg,39
images/39/PXL_20250305_193731791.jpg,39
images/39/PXL_20250305_193736843.jpg,39
images/39/PXL_20250305_193739495.jpg,39
images/39/PXL_20250305_193742634.jpg,39
images/39/PXL_20250305_193744035.jpg,39
images/39/PXL_20250305_193745744.jpg,39
images/39/PXL_20250305_193748927.jpg,39
images/39/PXL_20250305_193750863.jpg,39
images/39/PXL_20250305_193753882.jpg,39
images/39/PXL_20250305_193755054.jpg,39
images/39/PXL_20250305_193758136.jpg,39
images/39/PXL_20250305_193811016.jpg,39
images/39/PXL_20250305_193812220.jpg,39
images/39/PXL_20250305_193814767.jpg,39
images/39/PXL_20250305_193815436.jpg,39
images/39/PXL_20250305_193816636.jpg,39
images/40/PXL_20240930_193843903.jpg,40
images/40/PXL_20240930_193847492.jpg,40
images/40/PXL_20240930_193913064.jpg,40
images/40/PXL_20240930_193916660.jpg,40
images/40/PXL_20240930_193917925.jpg,40
images/40/PXL_20240930_193920162.jpg,40
images/40/PXL_20240930_193931301.jpg,40
images/40/PXL_20240930_193932343.jpg,40
images/40/PXL_20240930_193934312.jpg,40
images/40/PXL_20240930_193935216.jpg,40
images/40/PXL_20240930_193936894.jpg,40
images/40/PXL_20240930_193940825.jpg,40
images/40/PXL_20240930_193942208.jpg,40
images/40/PXL_20240930_193943929.jpg,40
images/40/PXL_20240930_193946465.jpg,40
images/40/PXL_20240930_193950330.jpg,40
images/40/PXL_20240930_193952532.jpg,40
images/40/PXL_20240930_193959513.jpg,40
images/40/PXL_20240930_194000477.jpg,40
images/40/PXL_20240930_194001454.jpg,40
images/40/PXL_20240930_194038816.jpg,40
images/40/PXL_20240930_194147876.jpg,40
images/40/PXL_20240930_194151313.jpg,40
images/40/PXL_20240930_194152074.jpg,40
images/40/PXL_20240930_194348172.jpg,40
images/40/PXL_20240930_194349630.jpg,40
images/40/PXL_20240930_194350761.jpg,40
images/40/PXL_20240930_194549795.jpg,40
images/40/PXL_20250303_201813588.jpg,40
images/40/PXL_20250303_201816212.jpg,40
images/40/PXL_20250303_201818874.jpg,40
images/40/PXL_20250303_201819843.jpg,40
images/40/PXL_20250303_201820526.jpg,40
images/40/PXL_20250303_201824395.jpg,40
images/40/PXL_20250303_201907745.jpg,40
images/40/PXL_20250303_201908815.jpg,40
images/41/PXL_20230710_002210612.jpg,41
images/41/PXL_20230710_002212677.jpg,41
images/41/PXL_20240919_135156337.jpg,41
images/41/PXL_20240919_135214615.jpg,41
images/41/PXL_20240919_135226603.jpg,41
images/41/PXL_20240919_135230459.jpg,41
images/41/PXL_20240919_135258849.jpg,41
images/41/PXL_20240919_135357026.jpg,41
images/41/PXL_20240919_135413316.jpg,41
images/41/PXL_20240919_135417693.jpg,41
images/41/PXL_20240919_135905301.jpg,41
images/41/PXL_20240919_135907546.jpg,41
images/41/PXL_20240919_135923472.jpg,41
images/41/PXL_20240919_135925852.jpg,41
images/41/PXL_20240919_135934438.jpg,41
images/41/PXL_20240919_135940812.jpg,41
images/41/PXL_20240919_135950882.jpg,41
images/41/PXL_20240919_135953343.jpg,41
images/41/PXL_20240919_135955705.jpg,41
images/41/PXL_20240919_140018886.jpg,41
images/41/PXL_20240919_140021714.jpg,41
images/41/PXL_20240919_140022980.jpg,41
images/41/PXL_20240919_140024127.jpg,41
images/41/PXL_20240919_140039069.jpg,41
images/41/PXL_20240919_140040685.jpg,41
images/41/PXL_20240919_140041681.jpg,41
images/41/PXL_20240919_140104871.jpg,41
images/41/PXL_20240919_140107972.jpg,41
images/41/PXL_20240919_140150820.jpg,41
images/41/PXL_20240919_140209388.jpg,41
images/41/PXL_20240919_140214745.jpg,41
images/41/PXL_20240919_140219687.jpg,41
images/41/PXL_20240919_140220768.jpg,41
images/41/PXL_20240919_140454863.jpg,41
images/41/PXL_20240919_140458355.jpg,41
images/41/PXL_20240919_140501833.jpg,41
images/41/PXL_20240919_140502729.jpg,41
images/41/PXL_20240919_140503879.jpg,41
images/41/PXL_20240919_140534386.jpg,41
images/41/PXL_20240919_140535468.jpg,41
images/41/PXL_20240919_140536998.jpg,41
images/41/PXL_20240919_140538729.jpg,41
images/41/PXL_20240919_140540076.jpg,41
images/41/PXL_20240919_140549359.jpg,41
images/41/PXL_20240919_140551505.jpg,41
images/41/PXL_20240919_140600838.jpg,41
images/41/PXL_20240919_140602085.jpg,41
images/41/PXL_20240930_193459367.jpg,41
images/41/PXL_20250305_111533293.MP.jpg,41
images/41/PXL_20250305_111533856.MP.jpg,41
images/41/PXL_20250305_111535568.MP.jpg,41
images/41/PXL_20250305_111536750.MP.jpg,41
images/41/PXL_20250305_111538713.MP.jpg,41
images/41/PXL_20250305_111540073.MP.jpg,41
images/41/PXL_20250305_111541426.MP.jpg,41
images/41/PXL_20250305_111542709.MP.jpg,41
images/41/PXL_20250305_111543900.MP.jpg,41
images/41/PXL_20250305_111545229.MP.jpg,41
images/41/PXL_20250305_111547440.MP.jpg,41
images/41/PXL_20250305_111548421.MP.jpg,41
images/42/PXL_20240919_135156337.jpg,42
images/42/PXL_20250305_111524728.MP.jpg,42
images/42/PXL_20250305_111529637.MP.jpg,42
images/42/PXL_20250305_111530847.MP.jpg,42
images/42/PXL_20250305_111532215.MP.jpg,42
images/42/PXL_20250305_111533293.MP.jpg,42
images/42/PXL_20250305_111533856.MP.jpg,42
images/42/PXL_20250305_111535568.MP.jpg,42
images/42/PXL_20250305_111536750.MP.jpg,42
images/42/PXL_20250305_111538713.MP.jpg,42
images/42/PXL_20250305_111540073.MP.jpg,42
images/42/PXL_20250305_111541426.MP.jpg,42
images/42/PXL_20250305_111542709.MP.jpg,42
images/42/PXL_20250305_111543900.MP.jpg,42
images/42/PXL_20250305_111545229.MP.jpg,42
images/42/PXL_20250305_111547440.MP.jpg,42
images/42/PXL_20250305_111548421.MP.jpg,42
images/43/PXL_20240928_120955000.jpg,43
images/43/PXL_20240928_121008035.jpg,43
images/43/PXL_20240928_121023263.jpg,43
images/43/PXL_20240928_121033873.jpg,43
images/43/PXL_20240928_121035616.jpg,43
images/43/PXL_20240928_121037090.jpg,43
images/43/PXL_20240928_121038423.jpg,43
images/43/PXL_20240928_121039729.jpg,43
images/43/PXL_20240928_121255053.jpg,43
images/43/PXL_20240928_121308469.jpg,43
images/44/Screenshot (2612).png,44
images/44/Screenshot (2613).png,44
images/44/Screenshot (2614).png,44
images/44/Screenshot (2615).png,44
images/44/Screenshot (2616).png,44
images/44/Screenshot (2617).png,44
images/44/Screenshot (2618).png,44
images/44/Screenshot (2619).png,44
images/44/Screenshot (2620).png,44
images/44/Screenshot (2621).png,44
images/44/Screenshot (2622).png,44
images/44/Screenshot (2623).png,44
images/45/PXL_20240930_193427814.jpg,45
images/45/PXL_20240930_193437729.jpg,45
images/45/PXL_20240930_193443980.jpg,45
images/45/PXL_20240930_193445562.jpg,45
images/45/PXL_20240930_193446289.jpg,45
images/45/PXL_20240930_193447129.jpg,45
images/45/PXL_20240930_193451227.jpg,45
images/45/PXL_20240930_193457199.jpg,45
images/45/PXL_20240930_193459367.jpg,45
images/45/PXL_20240930_193501249.jpg,45
images/45/PXL_20240930_193503049.jpg,45
images/45/PXL_20240930_193504970.jpg,45
images/45/PXL_20240930_193506403.jpg,45
images/45/PXL_20240930_193824153.jpg,45
images/45/PXL_20240930_193825111.jpg,45
images/45/PXL_20240930_193826057.jpg,45
images/45/PXL_20240930_193836033.jpg,45
images/45/PXL_20240930_194544754.jpg,45
images/45/PXL_20240930_194545717.jpg,45
images/45/PXL_20240930_194546853.jpg,45
images/45/Screenshot (2653).png,45
images/46/PXL_20240930_194159796.jpg,46
images/46/PXL_20240930_194201312.jpg,46
images/46/PXL_20240930_194202747.jpg,46
images/46/PXL_20240930_194205601.jpg,46
images/46/PXL_20240930_194207910.jpg,46
images/46/PXL_20240930_194208916.jpg,46
images/46/PXL_20240930_194217280.jpg,46
images/46/PXL_20240930_194218458.jpg,46
images/46/PXL_20240930_194219729.jpg,46
images/46/PXL_20240930_194223075.jpg,46
images/46/PXL_20240930_194228402.jpg,46
images/46/PXL_20240930_194229608.jpg,46
images/46/PXL_20240930_194231681.jpg,46
images/46/PXL_20240930_194232735.jpg,46
images/46/PXL_20240930_194238751.jpg,46
images/46/PXL_20240930_194240946.jpg,46
images/46/PXL_20240930_194244929.jpg,46
images/46/PXL_20240930_194250925.jpg,46
images/46/PXL_20240930_194252437.jpg,46
images/47/PXL_20240930_193457199.jpg,47
images/47/PXL_20240930_193714750.jpg,47
images/47/PXL_20240930_193716208.jpg,47
images/47/PXL_20240930_193718168.jpg,47
images/47/PXL_20240930_193719245.jpg,47
images/47/PXL_20240930_193720613.jpg,47
images/47/PXL_20240930_193722188.jpg,47
images/47/PXL_20240930_193723263.jpg,47
images/47/PXL_20240930_193725498.jpg,47
images/47/PXL_20240930_193727797.jpg,47
images/47/PXL_20240930_193731416.jpg,47
images/47/PXL_20240930_193732359.jpg,47
images/47/PXL_20240930_193733856.jpg,47
images/47/PXL_20240930_193735399.jpg,47
images/47/PXL_20240930_193739549.jpg,47
images/47/PXL_20240930_193740486.jpg,47
images/47/PXL_20240930_193742183.jpg,47
images/47/PXL_20240930_193745593.jpg,47
images/47/PXL_20240930_193747115.jpg,47
images/47/PXL_20240930_193750290.jpg,47
images/47/PXL_20240930_193758680.jpg,47
images/47/PXL_20240930_193802784.jpg,47
images/47/PXL_20240930_193804020.jpg,47
images/47/PXL_20240930_193807108.jpg,47
images/47/PXL_20240930_193808144.jpg,47
images/47/PXL_20240930_194336906.jpg,47
images/47/PXL_20240930_194337806.jpg,47
images/47/PXL_20240930_194338801.jpg,47
images/47/PXL_20240930_194523456.jpg,47
images/47/PXL_20240930_194538674.jpg,47
images/47/PXL_20240930_194541021.jpg,47
images/47/PXL_20240930_194544754.jpg,47
images/47/PXL_20240930_194545717.jpg,47
images/47/PXL_20240930_194546853.jpg,47
images/47/PXL_20240930_194554934.jpg,47
images/47/PXL_20240930_194555804.jpg,47
images/47/PXL_20240930_194600094.jpg,47
images/47/PXL_20240930_194601406.jpg,47
images/47/PXL_20240930_194602976.jpg,47
images/47/PXL_20250303_201833542.jpg,47
images/47/PXL_20250303_201835500.jpg,47
images/47/PXL_20250303_201836681.jpg,47
images/47/PXL_20250303_201843106.jpg,47
images/47/PXL_20250303_201844275.jpg,47
images/47/PXL_20250303_201903160.jpg,47
images/47/PXL_20250303_201904364.jpg,47
images/48/PXL_20240930_193731416.jpg,48
images/48/PXL_20240930_193811752.jpg,48
images/48/PXL_20240930_193813606.jpg,48
images/48/PXL_20240930_193843903.jpg,48
images/48/PXL_20240930_193847492.jpg,48
images/48/PXL_20240930_193852189.jpg,48
images/48/PXL_20240930_193913064.jpg,48
images/48/PXL_20240930_193914256.jpg,48
images/48/PXL_20240930_193916660.jpg,48
images/48/PXL_20240930_193917925.jpg,48
images/48/PXL_20240930_193920162.jpg,48
images/48/PXL_20250303_201801120.jpg,48
images/48/PXL_20250303_201803324.jpg,48
images/48/PXL_20250303_201805926.jpg,48
images/49/PXL_20240930_194320335.jpg,49
images/49/PXL_20240930_194321280.jpg,49
images/49/PXL_20240930_194322376.jpg,49
images/49/PXL_20240930_194324200.jpg,49
images/49/PXL_20240930_194326108.jpg,49
images/49/PXL_20240930_194329669.jpg,49
images/49/PXL_20240930_194333034.jpg,49
images/49/PXL_20240930_194334342.jpg,49
images/49/PXL_20240930_194336906.jpg,49
images/49/PXL_20240930_194337806.jpg,49
images/49/PXL_20240930_194338801.jpg,49
images/49/PXL_20240930_194340331.jpg,49
images/49/PXL_20240930_194342470.jpg,49
images/49/PXL_20240930_194343734.jpg,49
images/49/PXL_20240930_194345268.jpg,49
images/49/PXL_20240930_194348172.jpg,49
images/49/PXL_20240930_194349630.jpg,49
images/49/PXL_20240930_194350761.jpg,49
images/49/PXL_20241101_194628548.jpg,49
images/49/PXL_20241101_194629473.jpg,49
images/49/PXL_20241101_194631626.jpg,49
images/49/PXL_20241101_194635029.jpg,49
images/50/PXL_20240930_194356508.jpg,50
images/50/PXL_20240930_194357437.jpg,50
images/50/PXL_20240930_194358669.jpg,50
images/50/PXL_20240930_194407847.jpg,50
images/50/PXL_20240930_194409705.jpg,50
images/50/PXL_20240930_194411410.jpg,50
images/50/PXL_20240930_194413464.jpg,50
images/50/PXL_20240930_194414397.jpg,50
images/50/PXL_20240930_194416694.jpg,50
images/50/PXL_20240930_194418364.jpg,50
images/50/PXL_20240930_194420666.jpg,50
images/50/PXL_20240930_194422701.jpg,50
images/50/PXL_20240930_194423938.jpg,50
images/50/PXL_20240930_194426318.jpg,50
images/50/PXL_20250202_161024419.MP.jpg,50
images/50/PXL_20250305_193624287.jpg,50
images/50/PXL_20250305_193625232.jpg,50
images/50/PXL_20250305_193625959.jpg,50
images/50/PXL_20250305_193627576.jpg,50
images/50/PXL_20250305_193635992.jpg,50
images/50/PXL_20250305_193636831.jpg,50
images/50/PXL_20250305_193637947.jpg,50
images/50/PXL_20250305_193640782.jpg,50
images/50/PXL_20250305_193647881.MP.jpg,50
images/50/PXL_20250305_193651055.MP.jpg,50
images/50/PXL_20250305_193651888.MP.jpg,50
images/50/PXL_20250305_193652873.MP.jpg,50
images/53/PXL_20240928_120955000.jpg,53
images/53/PXL_20240928_120957186.jpg,53
images/53/PXL_20240928_120958961.jpg,53
images/53/PXL_20240928_121003541.jpg,53
images/53/PXL_20240928_121004787.jpg,53
images/53/PXL_20240928_121008035.jpg,53
images/53/PXL_20240928_121011444.jpg,53
images/53/PXL_20240928_121023263.jpg,53
images/53/PXL_20240928_121028212.jpg,53
images/53/PXL_20240928_121032501.jpg,53
images/53/PXL_20240928_121033873.jpg,53
images/53/PXL_20240928_121035616.jpg,53
images/53/PXL_20240928_121037090.jpg,53
images/53/PXL_20240928_121038423.jpg,53
images/53/PXL_20240928_121039729.jpg,53
images/53/PXL_20240928_121046026.jpg,53
images/53/PXL_20240928_121047736.jpg,53
images/53/PXL_20240928_121255053.jpg,53
images/54/PXL_20240930_194614956.jpg,54
images/54/PXL_20240930_194616186.jpg,54
images/54/PXL_20240930_194618198.jpg,54
images/54/PXL_20240930_194619463.jpg,54
images/54/PXL_20240930_194620745.jpg,54
images/54/PXL_20240930_194622045.jpg,54
images/54/PXL_20240930_194631968.jpg,54
images/54/PXL_20240930_194633065.jpg,54
images/54/PXL_20240930_194634556.jpg,54
images/54/PXL_20240930_194637040.jpg,54
images/54/PXL_20240930_194638846.jpg,54
images/54/PXL_20240930_194640152.jpg,54
images/54/PXL_20240930_194642168.jpg,54
images/54/PXL_20240930_194644548.jpg,54
images/54/PXL_20240930_194645948.jpg,54
images/55/PXL_20240920_161834611.jpg,55
images/55/PXL_20240920_161842741.jpg,55
images/55/PXL_20240920_161844016.jpg,55
images/55/PXL_20240920_161845475.jpg,55
images/55/PXL_20240920_161846653.jpg,55
images/55/PXL_20240920_161848987.jpg,55
images/55/PXL_20240920_161850491.jpg,55
images/55/PXL_20240920_161905004.jpg,55
images/55/PXL_20240920_161906950.jpg,55
images/55/PXL_20240920_161911979.jpg,55
images/55/PXL_20240920_161916728.jpg,55
images/55/PXL_20240920_161929462.jpg,55
images/55/PXL_20240920_162059161.jpg,55
images/55/PXL_20240920_162103340.jpg,55
images/55/PXL_20240920_162106969.jpg,55
images/55/PXL_20240920_162111681.jpg,55
images/55/PXL_20240920_162126447.jpg,55
images/55/PXL_20240920_162133439.jpg,55
images/55/PXL_20240920_162135901.jpg,55
images/55/PXL_20240920_162137416.jpg,55
images/55/PXL_20240920_162142471.jpg,55
images/55/PXL_20240920_162152748.jpg,55
images/55/PXL_20240920_162217683.jpg,55
images/55/PXL_20240920_162227204.jpg,55
images/55/PXL_20240920_162229351.jpg,55
images/55/PXL_20240920_162232399.jpg,55
images/55/PXL_20240920_162235363.jpg,55
images/55/PXL_20240920_162242502.jpg,55
images/55/PXL_20240920_162250385.jpg,55
images/55/PXL_20240920_162302844.jpg,55
images/55/PXL_20240920_162304474.jpg,55
images/55/PXL_20240920_162334520.jpg,55
images/55/PXL_20240920_162349916.jpg,55
images/55/PXL_20240920_162354281.jpg,55
images/55/PXL_20240920_162401286.jpg,55
images/55/PXL_20240920_162402468.jpg,55
images/55/PXL_20240920_162423359.jpg,55
images/55/PXL_20240920_162434311.jpg,55
images/56/PXL_20240919_135322745.jpg,56
images/56/PXL_20240919_135324043.jpg,56
images/56/PXL_20240919_135328902.jpg,56
images/56/PXL_20240919_135330433.jpg,56
images/56/PXL_20240919_135331831.jpg,56
images/56/PXL_20240919_135334510.jpg,56
images/56/PXL_20240919_135336724.jpg,56
images/56/PXL_20240919_135344496.jpg,56
images/56/PXL_20240919_135516795.jpg,56
images/56/PXL_20240919_135539126.jpg,56
images/56/PXL_20240919_135540356.jpg,56
images/56/PXL_20240919_135905301.jpg,56
images/56/PXL_20240919_135907546.jpg,56
images/56/PXL_20240919_135914719.jpg,56
images/56/PXL_20240919_135923472.jpg,56
images/56/PXL_20240919_135925852.jpg,56
images/56/PXL_20240919_135934438.jpg,56
images/56/PXL_20240919_135940812.jpg,56
images/56/PXL_20240919_135950882.jpg,56
images/56/PXL_20240919_135953343.jpg,56
images/56/PXL_20240919_135955705.jpg,56
images/56/PXL_20240919_140426102.jpg,56
images/56/PXL_20240919_140430443.jpg,56
images/56/PXL_20240919_140434253.jpg,56
images/56/PXL_20240919_140436915.jpg,56
images/56/PXL_20240919_140441206.jpg,56
images/56/PXL_20240919_140442337.jpg,56
images/56/PXL_20240919_140447344.jpg,56
images/57/PXL_20250202_153020595.MP.jpg,57
images/57/PXL_20250303_201851170.jpg,57
images/57/PXL_20250303_201852311.jpg,57
images/57/PXL_20250303_201853385.jpg,57
images/57/PXL_20250303_201854555.jpg,57
images/57/PXL_20250303_201855661.jpg,57
images/57/PXL_20250303_201856801.jpg,57
images/57/PXL_20250303_201858174.jpg,57
images/57/PXL_20250303_201900943.jpg,57
images/57/PXL_20250305_194329585.jpg,57
images/57/PXL_20250305_194330657.jpg,57
images/57/PXL_20250305_194331625.jpg,57
images/57/PXL_20250305_194333195.jpg,57
images/57/PXL_20250305_194335903.jpg,57
images/57/PXL_20250305_194337355.jpg,57
images/57/PXL_20250305_194340217.jpg,57
images/57/PXL_20250305_194342589.jpg,57
images/57/PXL_20250305_194344154.jpg,57
images/57/PXL_20250305_194345653.jpg,57
images/57/PXL_20250305_194347554.jpg,57
images/57/PXL_20250305_194351158.jpg,57
images/57/PXL_20250305_194351983.jpg,57
images/57/PXL_20250305_194353188.jpg,57
images/58/PXL_20240928_150510307.MP.jpg,58
images/58/PXL_20240928_150511122.MP.jpg,58
images/58/PXL_20240928_150512535.MP.jpg,58
images/58/PXL_20240928_150515567.MP.jpg,58
images/58/PXL_20240928_150517394.MP.jpg,58
images/58/PXL_20240928_150518424.MP.jpg,58
images/58/PXL_20240928_150523386.MP.jpg,58
images/58/PXL_20240928_150524498.MP.jpg,58
images/58/PXL_20240928_150525729.MP.jpg,58
images/58/PXL_20240928_150526546.MP.jpg,58
images/58/PXL_20240928_150527316.MP.jpg,58
images/58/PXL_20240928_150529755.MP.jpg,58
images/59/PXL_20240930_194653140.jpg,59
images/59/PXL_20240930_194654585.jpg,59
images/59/PXL_20240930_194656216.jpg,59
images/59/PXL_20240930_194657903.jpg,59
images/59/PXL_20240930_194700570.jpg,59
images/59/PXL_20240930_194701931.jpg,59
images/59/PXL_20240930_194705492.jpg,59
images/59/PXL_20240930_194706492.jpg,59
images/59/PXL_20240930_194707297.jpg,59
images/59/PXL_20240930_194747066.jpg,59
images/59/PXL_20240930_194750379.jpg,59
images/59/PXL_20240930_194755536.jpg,59
images/59/PXL_20240930_194758078.jpg,59
images/59/PXL_20240930_194800389.jpg,59
images/59/PXL_20240930_194801464.jpg,59
images/59/PXL_20240930_194802899.jpg,59
images/59/PXL_20240930_194806393.jpg,59
images/59/PXL_20240930_194808939.jpg,59
images/59/PXL_20240930_194814049.jpg,59
images/59/PXL_20240930_194816395.jpg,59
images/59/PXL_20240930_194817159.jpg,59
images/60/PXL_20230916_012017005.NIGHT.jpg,60
images/60/PXL_20230916_012035474.NIGHT.jpg,60
images/60/PXL_20230916_012054944.NIGHT.jpg,60
images/60/PXL_20230916_012104387.NIGHT.jpg,60
images/60/PXL_20230916_012118546.NIGHT.jpg,60
images/60/PXL_20230916_012130062.NIGHT.jpg,60
images/60/PXL_20230916_012135997.NIGHT.jpg,60
images/60/PXL_20230916_012145355.NIGHT.jpg,60
images/60/PXL_20230916_012151200.NIGHT.jpg,60
images/60/PXL_20230916_012216022.NIGHT.jpg,60
images/60/PXL_20230916_012222857.NIGHT.jpg,60
images/60/PXL_20230916_012228393.NIGHT.jpg,60
images/60/PXL_20230916_012246422.NIGHT.jpg,60
images/60/PXL_20230916_012257554.NIGHT.jpg,60
images/60/PXL_20230916_012302458.NIGHT.jpg,60
images/60/PXL_20240317_034713092.NIGHT.jpg,60
images/60/PXL_20240317_034718138.NIGHT.jpg,60
images/60/PXL_20240317_034746628.NIGHT.jpg,60
images/60/PXL_20240317_034759155.NIGHT.jpg,60
images/60/PXL_20240317_034812032.NIGHT.jpg,60
images/61/PXL_20240309_210928033.jpg,61
images/61/PXL_20240309_210929563.jpg,61
images/61/PXL_20240309_210943005.jpg,61
images/61/PXL_20240309_210947328.jpg,61
images/61/PXL_20240309_210953612.jpg,61
images/61/PXL_20240309_210954927.jpg,61
images/61/PXL_20240919_141346488.jpg,61
images/61/PXL_20240919_141348162.jpg,61
images/61/PXL_20240919_141351410.jpg,61
images/61/PXL_20240919_141352926.jpg,61
images/61/PXL_20240919_141354836.jpg,61
images/61/PXL_20240919_141355984.jpg,61
images/61/PXL_20240919_141357015.jpg,61
images/61/PXL_20240919_141359942.jpg,61
images/61/PXL_20240919_141403651.jpg,61
images/61/PXL_20240919_141407095.jpg,61
images/61/PXL_20240919_141410354.jpg,61
images/61/PXL_20240919_141411668.jpg,61
images/61/PXL_20240919_141415228.jpg,61
images/61/PXL_20240919_141417140.jpg,61
images/61/PXL_20240919_141419136.jpg,61
images/61/PXL_20240919_141420521.jpg,61
images/61/PXL_20240919_141423644.jpg,61
images/61/PXL_20240919_141425972.jpg,61
images/61/PXL_20240919_141442156.jpg,61
images/61/PXL_20240919_141450889.jpg,61
images/61/PXL_20240919_141452321.jpg,61
images/61/Screenshot (2624).png,61
images/61/Screenshot (2625).png,61
images/61/Screenshot (2626).png,61
images/61/Screenshot (2627).png,61
images/61/Screenshot (2628).png,61
images/61/Screenshot (2629).png,61
images/61/Screenshot (2630).png,61
images/61/Screenshot (2631).png,61
images/63/PXL_20240928_141136463.jpg,63
images/63/PXL_20240928_141208206.jpg,63
images/63/PXL_20240928_141212694.jpg,63
images/63/PXL_20240928_141218010.jpg,63
images/63/PXL_20240928_141223166.jpg,63
images/63/PXL_20240928_141225372.jpg,63
images/63/PXL_20240928_141229358.jpg,63
images/63/PXL_20240928_141239051.jpg,63
images/63/PXL_20240928_141240787.jpg,63
images/63/PXL_20240928_141243402.jpg,63
images/63/PXL_20240928_141244938.jpg,63
images/65/PXL_20250305_194014983.jpg,65
images/65/PXL_20250305_194016352.jpg,65
images/65/PXL_20250305_194019696.jpg,65
images/65/PXL_20250305_194021636.jpg,65
images/65/PXL_20250305_194026022.jpg,65
images/65/PXL_20250305_194028833.jpg,65
images/65/PXL_20250305_194029976.jpg,65
images/65/PXL_20250305_194032280.jpg,65
images/65/PXL_20250305_194116971.jpg,65
images/66/PXL_20250304_165107232.jpg,66
images/66/PXL_20250304_165108889.jpg,66
images/66/PXL_20250304_165112342.jpg,66
images/66/PXL_20250304_165113976.jpg,66
images/66/PXL_20250304_165115011.jpg,66
images/66/PXL_20250304_165115661.jpg,66
images/66/PXL_20250304_165120682.jpg,66
images/66/PXL_20250304_165122316.jpg,66
images/66/PXL_20250304_165124787.jpg,66
images/66/PXL_20250304_165129622.jpg,66
images/66/PXL_20250304_165137130.jpg,66
images/66/PXL_20250304_165139999.jpg,66
images/66/PXL_20250304_165141749.jpg,66
images/66/PXL_20250304_165144622.jpg,66
images/66/PXL_20250304_165148355.jpg,66
images/66/PXL_20250304_165156461.jpg,66
images/66/PXL_20250304_165159598.jpg,66
images/66/PXL_20250304_165201565.jpg,66
images/66/PXL_20250304_165203100.jpg,66
images/67/PXL_20250304_154712751.jpg,67
images/67/PXL_20250304_154945471.jpg,67
images/67/PXL_20250304_154948158.jpg,67
images/67/PXL_20250304_154954782.jpg,67
images/67/PXL_20250304_154957612.jpg,67
images/67/PXL_20250304_155008653.jpg,67
images/67/PXL_20250304_155010304.jpg,67
images/67/PXL_20250304_155011892.jpg,67
images/67/PXL_20250304_155013441.jpg,67
images/67/PXL_20250304_155014542.jpg,67
images/67/PXL_20250304_155015937.jpg,67
images/67/PXL_20250304_155017562.jpg,67
images/67/PXL_20250304_155018930.jpg,67
images/67/PXL_20250304_155020414.jpg,67
images/67/PXL_20250304_155022166.jpg,67
images/67/PXL_20250304_155023901.jpg,67
images/67/PXL_20250304_155027071.jpg,67
images/67/PXL_20250304_155030272.jpg,67
images/67/PXL_20250304_155038513.jpg,67
images/67/PXL_20250304_155047054.jpg,67
images/67/PXL_20250304_155048872.jpg,67
images/68/PXL_20250304_165112342.jpg,68
images/68/PXL_20250304_165113976.jpg,68
images/68/PXL_20250304_165115011.jpg,68
images/68/PXL_20250304_165115661.jpg,68
images/68/PXL_20250304_165120682.jpg,68
images/68/PXL_20250304_165122316.jpg,68
images/68/PXL_20250304_165139999.jpg,68
images/68/PXL_20250304_165141749.jpg,68
images/68/PXL_20250304_165148355.jpg,68
images/69/PXL_20250304_165419784.jpg,69
images/69/PXL_20250304_165421356.jpg,69
images/69/PXL_20250304_165422535.jpg,69
images/69/PXL_20250304_165424091.jpg,69
images/69/PXL_20250304_165425302.jpg,69
images/69/PXL_20250304_165426606.jpg,69
images/69/PXL_20250304_165427843.jpg,69
images/69/PXL_20250304_165429060.jpg,69
images/69/PXL_20250304_165430314.jpg,69
images/69/PXL_20250304_165432909.jpg,69
images/69/PXL_20250304_165434827.jpg,69
images/69/PXL_20250304_165436017.jpg,69
images/69/PXL_20250304_165437738.jpg,69
images/69/PXL_20250304_165441453.jpg,69
images/69/PXL_20250304_165445168.jpg,69
images/69/PXL_20250304_165447087.jpg,69
images/69/PXL_20250304_165450942.jpg,69
images/69/PXL_20250304_165452014.jpg,69
images/69/PXL_20250304_165453217.jpg,69
images/69/PXL_20250304_165456006.jpg,69
images/69/PXL_20250304_165457448.jpg,69
images/69/PXL_20250304_165459506.jpg,69
images/69/PXL_20250304_165501170.jpg,69
images/69/PXL_20250304_165503029.jpg,69
images/69/PXL_20250304_165508508.jpg,69
images/69/PXL_20250304_165509860.jpg,69
images/69/PXL_20250304_165512930.jpg,69
